[
  {
    "car": {
      "Make": "BMW",
      "Model": "M5 F10",
      "TravelledDistance": 435603343
    },
    "customerName": "Hipolito Lamoreaux",
    "Discount": "30.00",
    "price": "2544.67",
    "priceWithDiscount": "1781.27"
  },
  {
    "car": {
      "Make": "Opel",
      "Model": "Omega",
      "TravelledDistance": 111313670
    },
    "customerName": "Garret Capron",
    "Discount": "0.00",
    "price": "1197.55",
    "priceWithDiscount": "1197.55"
  },
  {
    "car": {
      "Make": "Opel",
      "Model": "Astra",
      "TravelledDistance": 516628215
    },
    "customerName": "Emmitt Benally",
    "Discount": "10.00",
    "price": "1284.32",
    "priceWithDiscount": "1155.89"
  },
  {
    "car": {
      "Make": "BMW",
      "Model": "F25",
      "TravelledDistance": 476132712
    },
    "customerName": "Sylvie Mcelravy",
    "Discount": "0.00",
    "price": "489.20",
    "priceWithDiscount": "489.20"
  },
  {
    "car": {
      "Make": "BMW",
      "Model": "F04",
      "TravelledDistance": 443756363
    },
    "customerName": "Marcelle Griego",
    "Discount": "50.00",
    "price": "1655.57",
    "priceWithDiscount": "827.79"
  },
  {
    "car": {
      "Make": "Opel",
      "Model": "Vectra",
      "TravelledDistance": 433351992
    },
    "customerName": "Cinthia Lasala",
    "Discount": "30.00",
    "price": "1223.31",
    "priceWithDiscount": "856.32"
  },
  {
    "car": {
      "Make": "Opel",
      "Model": "Insignia",
      "TravelledDistance": 168539389
    },
    "customerName": "Donnetta Soliz",
    "Discount": "15.00",
    "price": "619.66",
    "priceWithDiscount": "526.71"
  },
  {
    "car": {
      "Make": "Opel",
      "Model": "Omega",
      "TravelledDistance": 277250812
    },
    "customerName": "Teddy Hobby",
    "Discount": "20.00",
    "price": "1544.83",
    "priceWithDiscount": "1235.86"
  },
  {
    "car": {
      "Make": "BMW",
      "Model": "E67",
      "TravelledDistance": 476830509
    },
    "customerName": "Johnette Derryberry",
    "Discount": "15.00",
    "price": "2014.83",
    "priceWithDiscount": "1712.61"
  }
]