[
  {
    "Id": 5,
    "Genre": "Nudity",
    "Games": [
      {
        "Id": 40,
        "Title": "Rust",
        "Developer": "Facepunch Studios",
        "Tags": "Multi-player Co-op Steam Trading Cards Steam Workshop In-App Purchases Valve Anti-Cheat enabled Stats Steam Achievements Online Multi-Player Cross-Platform Multiplayer Online Co-op MMO",
        "Players": 12
      },
      {
        "Id": 63,
        "Title": "Conan Exiles",
        "Developer": "Funcom",
        "Tags": "Multi-player Co-op Steam Trading Cards Steam Workshop Steam Achievements Single-player Online Multi-Player Full controller support Online Co-op",
        "Players": 9
      },
      {
        "Id": 15,
        "Title": "Path of Exile",
        "Developer": "Grinding Gear Games",
        "Tags": "Multi-player Co-op Steam Trading Cards In-App Purchases Steam Achievements Single-player Online Multi-Player MMO",
        "Players": 8
      },
      {
        "Id": 74,
        "Title": "The Witcher 3: Wild Hunt",
        "Developer": "CD PROJEKT RED",
        "Tags": "Steam Trading Cards Steam Achievements Single-player Full controller support Steam Cloud",
        "Players": 5
      }
    ]
  }
]