[
  {
    "fullName": "Emmitt Benally",
    "boughtCars": 5,
    "spentMoney": 1351.24
  },
  {
    "fullName": "Donnetta Soliz",
    "boughtCars": 3,
    "spentMoney": 309.97
  },
  {
    "fullName": "Garret Capron",
    "boughtCars": 3,
    "spentMoney": 132.97
  },
  {
    "fullName": "Hipolito Lamoreaux",
    "boughtCars": 4,
    "spentMoney": 4105.96
  },
  {
    "fullName": "Sylvie Mcelravy",
    "boughtCars": 2,
    "spentMoney": 84.89
  },
  {
    "fullName": "Jimmy Grossi",
    "boughtCars": 2,
    "spentMoney": 301.28
  },
  {
    "fullName": "Faustina Burgher",
    "boughtCars": 2,
    "spentMoney": 331.98
  },
  {
    "fullName": "Daniele Zarate",
    "boughtCars": 5,
    "spentMoney": 387.95
  },
  {
    "fullName": "Cinthia Lasala",
    "boughtCars": 3,
    "spentMoney": 256.97
  },
  {
    "fullName": "Nisha Markwell",
    "boughtCars": 3,
    "spentMoney": 1345.98
  },
  {
    "fullName": "Yvonne Mccalla",
    "boughtCars": 2,
    "spentMoney": 1043.33
  },
  {
    "fullName": "Taina Achenbach",
    "boughtCars": 2,
    "spentMoney": 141.28
  },
  {
    "fullName": "Rema Revelle",
    "boughtCars": 4,
    "spentMoney": 625.96
  },
  {
    "fullName": "Carri Knapik",
    "boughtCars": 2,
    "spentMoney": 221.65
  },
  {
    "fullName": "Kristian Engberg",
    "boughtCars": 3,
    "spentMoney": 553.32
  },
  {
    "fullName": "Brett Brickley",
    "boughtCars": 4,
    "spentMoney": 356.96
  },
  {
    "fullName": "Oren Perlman",
    "boughtCars": 1,
    "spentMoney": 100.25
  },
  {
    "fullName": "Carole Witman",
    "boughtCars": 2,
    "spentMoney": 137.98
  },
  {
    "fullName": "Francis Mckim",
    "boughtCars": 1,
    "spentMoney": 100.99
  },
  {
    "fullName": "Audrea Cardinal",
    "boughtCars": 1,
    "spentMoney": 4.99
  },
  {
    "fullName": "Johnette Derryberry",
    "boughtCars": 5,
    "spentMoney": 578.95
  },
  {
    "fullName": "Teddy Hobby",
    "boughtCars": 3,
    "spentMoney": 1261.32
  },
  {
    "fullName": "Rico Peer",
    "boughtCars": 4,
    "spentMoney": 156.96
  },
  {
    "fullName": "Lino Subia",
    "boughtCars": 3,
    "spentMoney": 4278.97
  },
  {
    "fullName": "Hai Everton",
    "boughtCars": 2,
    "spentMoney": 321.98
  },
  {
    "fullName": "Zada Attwood",
    "boughtCars": 6,
    "spentMoney": 454.87
  },
  {
    "fullName": "Marcelle Griego",
    "boughtCars": 3,
    "spentMoney": 404.97
  },
  {
    "fullName": "Natalie Poli",
    "boughtCars": 3,
    "spentMoney": 629.22
  },
  {
    "fullName": "Louann Holzworth",
    "boughtCars": 3,
    "spentMoney": 2128.32
  },
  {
    "fullName": "Ann Mcenaney",
    "boughtCars": 2,
    "spentMoney": 194.98
  }
]